Name,Email,Phone,Address,Title
Mike Herman I,kamilah_bogisich@feil-bauch.example,727-677-5867,"Apt. 568 7718 Smitham Turnpike, Pricetown, TN 25690",IT Planner
Evelynn Bauch,albert@larkin.example,1-873-137-0778,"Apt. 508 938 Altenwerth Row, West Kamiburgh, NY 55326",Retail Manager
Loraine McCullough DC,houston.crooks@prosacco-luettgen.test,(770) 634-4838,"70360 Richelle Neck, South Nellymouth, CT 45810",Human Officer
Brandi Collins,pamela_jones@gislason.example,275-000-5066,"Apt. 845 50731 Kathaleen Dam, North Vanettaville, MA 17053-8961",Regional Retail Consultant
Wilber Cronin DVM,len@wiza-waters.test,(666) 836-6076,"58578 Bryant Circles, South Carlo, AR 37699-7648",Sales Assistant
Leon Becker,bradly.predovic@jacobi.test,(630) 023-6744,"69530 Bonita Estate, Sengerhaven, MD 63644",Corporate Designer
Lewis Reynolds,marin.cruickshank@jast-torphy.test,(705) 596-4641,"Suite 907 186 Mickey Harbor, Nathanielville, TX 11220-7317",Legacy Legal Representative
Carmen Welch II,anthony@gerhold.test,(760) 333-8861,"Apt. 539 7199 Dicki Circles, Port Freeman, RI 73083-6438",Chief Planner
Antonia Lesch,clarence_schroeder@hermann.example,373.858.6355,"Suite 320 589 Lesley Inlet, West Percy, NC 85535",Internal Mining Strategist
Mathew Tillman,earle@hane.example,738.713.8189,"Suite 983 269 Etsuko Trace, Kulasport, NC 42800",Customer Assistant
